Rank,MovieTitle,Year,Rating,Votes
1,The Shawshank Redemption,1994.0,9.3,3055863
2,The Godfather,1972.0,9.2,2133373
3,The Chaos Class,1975.0,9.2,44592
4,The Godfather Part II,1974.0,9.0,1435459
5,The Lord of the Rings: The Return of the King,2003.0,9.0,2085255
6,Schindler's List,1993.0,9.0,1529291
7,The Dark Knight,2008.0,9.0,3030974
8,12 Angry Men,1957.0,9.0,931040
9,Mirror Game,2016.0,8.9,30528
10,The Lord of the Rings: The Fellowship of the Ring,2001.0,8.9,2115512
11,Tosun Pasha,1976.0,8.9,25601
12,"The Good, the Bad and the Ugly",1966.0,8.8,857837
13,The Lord of the Rings: The Two Towers,2002.0,8.8,1879660
14,Forrest Gump,1994.0,8.8,2387623
15,Pulp Fiction,1994.0,8.8,2342953
16,Inception,2010.0,8.8,2693440
17,Fight Club,1999.0,8.8,2475113
18,Interstellar,2014.0,8.7,2356342
19,777 Charlie,2022.0,8.7,43479
20,Goodfellas,1990.0,8.7,1331113
21,Star Wars: Episode V - The Empire Strikes Back,1980.0,8.7,1448280
22,12th Fail,2023.0,8.7,149703
23,The Matrix,1999.0,8.7,2162139
24,The Chaos Class Failed the Class,1975.0,8.7,26908
25,One Flew Over the Cuckoo's Nest,1975.0,8.7,1120746
26,Star Wars: Episode IV - A New Hope,1977.0,8.6,1515436
27,City of God,2002.0,8.6,839886
28,The Silence of the Lambs,1991.0,8.6,1641737
29,It's a Wonderful Life,1946.0,8.6,529255
30,Life Is Beautiful,1997.0,8.6,780901
31,Spirited Away,2001.0,8.6,914471
32,The Green Mile,1999.0,8.6,1490967
33,Saving Private Ryan,1998.0,8.6,1574835
34,Se7en,1995.0,8.6,1918105
35,Jai Bhim,2021.0,8.6,226735
36,Harakiri,1962.0,8.6,80508
37,Nayakan,1987.0,8.6,26455
38,Seven Samurai,1954.0,8.6,386274
39,Soorarai Pottru,2020.0,8.6,128171
40,Terminator 2: Judgment Day,1991.0,8.6,1236504
41,Anbe Sivam,2003.0,8.6,27015
42,Rocketry: The Nambi Effect,2022.0,8.6,60656
43,Modern Times,1936.0,8.5,274032
44,Jersey,2019.0,8.5,25094
45,Psycho,1960.0,8.5,755060
46,The Usual Suspects,1995.0,8.5,1193054
47,Dune: Part Two,2024.0,8.5,639195
48,The Prestige,2006.0,8.5,1519746
49,Rear Window,1954.0,8.5,548817
50,Alien,1979.0,8.5,1019377
51,The Best of Youth,2003.0,8.5,25364
52,Casablanca,1942.0,8.5,634014
53,Back to the Future,1985.0,8.5,1382594
54,City Lights,1931.0,8.5,207727
55,Dear Zachary: A Letter to a Son About His Father,2008.0,8.5,43360
56,Once Upon a Time in the West,1968.0,8.5,369601
57,Gladiator,2000.0,8.5,1766470
58,The Departed,2006.0,8.5,1492647
59,The Pianist,2002.0,8.5,971294
60,Demon Slayer: Kimetsu no Yaiba - Tsuzumi Mansion Arc,2021.0,8.5,32512
61,Sarpatta Parambarai,2021.0,8.5,26849
62,American History X,1998.0,8.5,1234139
63,The Kashmir Files,2022.0,8.5,576416
64,Django Unchained,2012.0,8.5,1797609
65,The Intouchables,2011.0,8.5,981787
66,Senna,2010.0,8.5,80918
67,Baraka,1992.0,8.5,42206
68,Léon: The Professional,1994.0,8.5,1306288
69,Whiplash,2014.0,8.5,1079622
70,96,2018.0,8.5,41622
71,Parasite,2019.0,8.5,1069296
72,Spider-Man: Across the Spider-Verse,2023.0,8.5,460586
73,The Lion King,1994.0,8.5,1207380
74,Cinema Paradiso,1988.0,8.5,302504
75,Grave of the Fireflies,1988.0,8.5,351892
76,Sita Ramam,2022.0,8.5,76524
77,20 Days in Mariupol,2023.0,8.5,25866
78,Amadeus,1984.0,8.4,449954
79,Capernaum,2018.0,8.4,116830
80,Apocalypse Now,1979.0,8.4,744306
81,Kaithi,2019.0,8.4,47175
82,Raiders of the Lost Ark,1981.0,8.4,1077310
83,The Great Dictator,1940.0,8.4,249552
84,Paths of Glory,1957.0,8.4,226775
85,High and Low,1963.0,8.4,60957
86,Witness for the Prosecution,1957.0,8.4,150669
87,Avengers: Endgame,2019.0,8.4,1363521
88,Spider-Man: Into the Spider-Verse,2018.0,8.4,735016
89,Memento,2000.0,8.4,1382822
90,The Shining,1980.0,8.4,1170636
91,Drishyam 2,2021.0,8.4,43152
92,3 Idiots,2009.0,8.4,460624
93,Aliens,1986.0,8.4,811061
94,Maharaja,2024.0,8.4,69705
95,Your Name.,2016.0,8.4,359773
96,Sunset Boulevard,1950.0,8.4,249674
97,The Dark Knight Rises,2012.0,8.4,1918765
98,WALL·E,2008.0,8.4,1265430
99,Coco,2017.0,8.4,653630
100,Inglourious Basterds,2009.0,8.4,1689864
101,The Cove,2009.0,8.4,52448
102,The Lives of Others,2006.0,8.4,428959
103,Samsara,2011.0,8.4,39126
104,Drishyam,2013.0,8.4,46119
105,Avengers: Infinity War,2018.0,8.4,1293321
106,Asuran,2019.0,8.4,35683
107,Das Boot,1981.0,8.4,279944
108,Eternal Sunshine of the Spotless Mind,2004.0,8.3,1139947
109,Man with a Movie Camera,1929.0,8.3,29291
110,The Hunt,2012.0,8.3,389645
111,Incendies,2010.0,8.3,229525
112,Dil Bechara,2020.0,8.3,136314
113,Up,2009.0,8.3,1185722
114,Scarface,1983.0,8.3,969684
115,Once Upon a Time in America,1984.0,8.3,396303
116,Vikram,2022.0,8.3,81535
117,Star Wars: Episode VI - Return of the Jedi,1983.0,8.3,1169134
118,Lost Ladies,2023.0,8.3,52334
119,Hamilton,2020.0,8.3,128492
120,Chhichhore,2019.0,8.3,68201
121,Oldboy,2003.0,8.3,681971
122,Won't You Be My Neighbor?,2018.0,8.3,27696
123,Raatchasan,2018.0,8.3,54617
124,Like Stars on Earth,2007.0,8.3,218879
125,Joker,2019.0,8.3,1614685
126,Dangal,2016.0,8.3,227463
127,Toy Story,1995.0,8.3,1126058
128,Oppenheimer,2023.0,8.3,899218
129,Heat,1995.0,8.3,761297
130,Braveheart,1995.0,8.3,1131905
131,Reservoir Dogs,1992.0,8.3,1135335
132,Singin' in the Rain,1952.0,8.3,273398
133,Ikiru,1952.0,8.3,96889
134,Hoop Dreams,1994.0,8.3,28911
135,Shershaah,2021.0,8.3,132838
136,Come and See,1985.0,8.3,112958
137,Sardar Udham,2021.0,8.3,49295
138,Good Will Hunting,1997.0,8.3,1142276
139,Premam,2015.0,8.3,25709
140,Princess Mononoke,1997.0,8.3,462168
141,Kaiva,2023.0,8.3,68981
142,2001: A Space Odyssey,1968.0,8.3,755584
143,Toy Story 3,2010.0,8.3,934455
144,Dr. Strangelove or: How I Learned to Stop Worrying and Love the Bomb,1964.0,8.3,539316
145,To Kill a Mockingbird,1962.0,8.3,344072
146,American Beauty,1999.0,8.3,1251436
147,A Separation,2011.0,8.3,270127
148,Requiem for a Dream,2000.0,8.3,941591
149,Judgment at Nuremberg,1961.0,8.3,92173
150,The Apartment,1960.0,8.3,209477
151,Lawrence of Arabia,1962.0,8.3,330098
152,Amélie,2001.0,8.3,820191
153,North by Northwest,1959.0,8.3,361235
154,Double Indemnity,1944.0,8.3,175357
155,M,1931.0,8.3,177682
156,Citizen Kane,1941.0,8.3,482950
157,Metropolis,1927.0,8.3,195121
158,The Kid,1921.0,8.2,141694
159,Sherlock Jr.,1924.0,8.2,62466
160,Snatch,2000.0,8.2,948487
161,Yojimbo,1961.0,8.2,138235
162,Some Like It Hot,1959.0,8.2,295990
163,The Wild Robot,2024.0,8.2,178022
164,Spider-Man: No Way Home,2021.0,8.2,956758
165,Uri: The Surgical Strike,2019.0,8.2,76366
166,Tumbbad,2018.0,8.2,68808
167,Howl's Moving Castle,2004.0,8.2,485676
168,Oficina do Diabo,2025.0,8.2,33132
169,Hera Pheri,2000.0,8.2,76325
170,Top Gun: Maverick,2022.0,8.2,782150
171,Die Hard,1988.0,8.2,992512
172,Bhaag Milkha Bhaag,2013.0,8.2,74921
173,The Great Escape,1963.0,8.2,269757
174,A Man Escaped,1956.0,8.2,29218
175,The Act of Killing,2012.0,8.2,42530
176,The Sixth Sense,1999.0,8.2,1102675
177,They Shall Not Grow Old,2018.0,8.2,39769
178,Taxi Driver,1976.0,8.2,982357
179,Searching for Sugar Man,2012.0,8.2,74877
180,Rangasthalam,2018.0,8.2,29424
181,The Secret in Their Eyes,2009.0,8.2,233548
182,Full Metal Jacket,1987.0,8.2,824348
183,Demon Slayer: Kimetsu no Yaiba - The Movie: Mugen Train,2020.0,8.2,84751
184,The Father,2020.0,8.2,214353
185,For a Few Dollars More,1965.0,8.2,289648
186,Andhadhun,2018.0,8.2,109261
187,Miracle in Cell No. 7,2019.0,8.2,59499
188,K.G.F: Chapter 1,2018.0,8.2,105092
189,Ran,1985.0,8.2,144639
190,Pan's Labyrinth,2006.0,8.2,726551
191,Gangs of Wasseypur,2012.0,8.2,108177
192,Inside Job,2010.0,8.2,81398
193,Drishyam,2015.0,8.2,101843
194,The Truman Show,1998.0,8.2,1288662
195,L.A. Confidential,1997.0,8.2,642893
196,The Treasure of the Sierra Madre,1948.0,8.2,137865
197,The Wolf of Wall Street,2013.0,8.2,1693623
198,Bicycle Thieves,1948.0,8.2,186074
199,Downfall,2004.0,8.2,389725
200,A Beautiful Mind,2001.0,8.2,1024121
201,Zindagi Na Milegi Dobara,2011.0,8.2,90790
202,Maanaadu,2021.0,8.2,26402
203,No Country for Old Men,2007.0,8.2,1126689
204,Baahubali 2: The Conclusion,2017.0,8.2,124352
205,Khosla Ka Ghosla!,2006.0,8.2,25967
206,A Clockwork Orange,1971.0,8.2,913660
207,Dial M for Murder,1954.0,8.2,198597
208,I'm Still Here,2024.0,8.2,111565
209,Close-Up,1990.0,8.2,25143
210,Prisoners,2013.0,8.2,876228
211,Casino,1995.0,8.2,594615
212,Drishyam 2,2022.0,8.2,49022
213,Kantara,2022.0,8.2,108121
214,The Mountain II,2016.0,8.2,111711
215,Pather Panchali,1955.0,8.2,40281
216,The Thing,1982.0,8.2,500758
217,1917,2019.0,8.2,731462
218,Before the Flood,2016.0,8.2,29363
219,Vertigo,1958.0,8.2,446255
220,K.G.F: Chapter 2,2022.0,8.2,159412
221,Gone with the Wind,1939.0,8.2,347503
222,The Elephant Man,1980.0,8.2,273738
223,Koyaanisqatsi,1982.0,8.2,43381
224,13th,2016.0,8.2,38580
225,Unforgiven,1992.0,8.2,455780
226,Jurassic Park,1993.0,8.2,1123184
227,Ayla: The Daughter of War,2017.0,8.2,46210
228,Manjummel Boys,2024.0,8.2,28071
229,Umberto D.,1952.0,8.2,29729
230,Vikram Vedha,2017.0,8.2,53180
231,The Sting,1973.0,8.2,291230
232,My Father and My Son,2005.0,8.2,97723
233,Green Book,2018.0,8.2,639647
234,Indiana Jones and the Last Crusade,1989.0,8.2,840733
235,Children of Heaven,1997.0,8.2,86252
236,Shutter Island,2010.0,8.2,1555837
237,Paan Singh Tomar,2012.0,8.2,39116
238,Klaus,2019.0,8.2,215520
239,There Will Be Blood,2007.0,8.2,673436
240,Dersu Uzala,1975.0,8.2,35177
241,Rashomon,1950.0,8.2,190133
242,Kill Bill: Vol. 1,2003.0,8.2,1254280
243,Finding Nemo,2003.0,8.2,1163484
244,Batman Begins,2005.0,8.2,1650848
245,Monty Python and the Holy Grail,1975.0,8.2,589307
246,Swades,2004.0,8.2,102083
247,All About Eve,1950.0,8.2,145259
248,Rang De Basanti,2006.0,8.1,124544
249,Yi Yi,2000.0,8.1,30632
250,Spotlight,2015.0,8.1,520275
